aac893a91.jpg,
51f1be19e.jpg,
796707dd7.jpg,
f5a1f0358.jpg,
2fd875eaa.jpg,
53f253011.jpg,
cb8d261a3.jpg,0.2313251793384552 947 0 1024 1024 0.19665271043777466 0 0 1024 33 0.1894603669643402 5 2 1024 81 0.18828365206718445 991 47 1024 1024 0.179425448179245 71 0 1024 91 0.1783076673746109 68 0 1024 36 0.1597239226102829 993 0 1024 1024 0.15891501307487488 954 0 1023 1024 0.13862349092960358 0 0 1024 8 0.13477270305156708 0 8 969 138 0.13466422259807587 18 3 956 131 0.11908222734928131 933 0 1024 1024 0.11773153394460678 44 0 971 132 0.11738813668489456 950 72 1017 959 0.11681453138589859 991 115 1021 989 0.10984371602535248 75 12 1024 131 0.10576586425304413 40 0 1024 135 0.10461407154798508 26 1 942 31 0.10129749774932861 986 57 1023 1024 0.09740765392780304 0 1 1024 34 0.08922939002513885 993 36 1024 968 0.08114941418170929 7 0 1024 32 0.0730266273021698 991 130 1020 942 0.06474611163139343 157 0 1024 9 0.05652283877134323 0 0 1024 8 0.055167049169540405 954 0 1024 937 0.05431819707155228 3 0 976 9 0.05409308150410652 103 0 1024 9 0.05276709794998169 0 0 988 9
51b3e36ab.jpg,
cc3532ff6.jpg,
348a992bb.jpg,
